Country or Area,Year,Value
Albania,2020,0
Albania,2019,0
Albania,2018,0
Albania,2017,0
Albania,2016,0
Albania,2015,0
Albania,2014,0.1
Albania,2012,0.1
Albania,2008,0
Albania,2005,0.1
Albania,2002,0.2
Albania,1996,0.1
Algeria,2011,0.2
Algeria,1995,1.1
Algeria,1988,0.9
Angola,2018,11.9
Angola,2008,4.1
Angola,2000,9.1
Argentina,2021,0.4
Argentina,2020,0.3
Argentina,2019,0.3
Argentina,2018,0.3
Argentina,2017,0.2
Argentina,2016,0.3
Argentina,2014,0.3
Argentina,2013,0.3
Argentina,2012,0.3
Argentina,2011,0.3
Argentina,2010,0.3
Argentina,2009,0.5
Argentina,2008,0.6
Argentina,2007,0.7
Argentina,2006,0.8
Argentina,2005,0.9
Argentina,2004,1.3
Argentina,2003,1.9
Argentina,2002,4.9
Argentina,2001,4.5
Argentina,2000,2.7
Argentina,1999,2.4
Argentina,1998,2.1
Argentina,1997,2.2
Argentina,1996,2.7
Argentina,1995,2.2
Argentina,1994,1.4
Argentina,1993,1.2
Argentina,1992,1.1
Argentina,1991,0.6
Argentina,1987,0.9
Argentina,1986,1.1
Argentina,1980,0.2
Armenia,2021,0.1
Armenia,2020,0.1
Armenia,2019,0.1
Armenia,2018,0.2
Armenia,2017,0.1
Armenia,2016,0.2
Armenia,2015,0.2
Armenia,2014,0.2
Armenia,2013,0.3
Armenia,2012,0.2
Armenia,2011,0.2
Armenia,2010,0.2
Armenia,2009,0.2
Armenia,2008,0.2
Armenia,2007,0.3
Armenia,2006,0.3
Armenia,2005,0.6
Armenia,2004,1.2
Armenia,2003,1.2
Armenia,2002,2.1
Armenia,2001,3
Armenia,1999,2.8
Australia,2018,0.4
Australia,2016,0.3
Australia,2014,0.4
Australia,2010,0.3
Australia,2008,0.3
Australia,2004,0.4
Australia,2003,0.8
Australia,2001,0.6
Australia,1995,0.6
Australia,1989,0.5
Australia,1985,0.6
Australia,1981,0.5
Austria,2020,0.6
Austria,2019,0.5
Austria,2018,0.5
Austria,2017,0.2
Austria,2016,0.6
Austria,2015,0.6
Austria,2014,0.1
Austria,2013,0.2
Austria,2012,0.4
Austria,2011,0.3
Austria,2010,0.4
Austria,2009,0.5
Austria,2008,0.2
Austria,2007,0.3
Austria,2006,0
Austria,2005,0.1
Austria,2004,0.1
Austria,2003,0.3
Austria,2000,0
Austria,1999,0.1
Austria,1998,0
Austria,1997,0
Austria,1996,0
Austria,1995,0
Austria,1994,0.1
Azerbaijan,2005,0
Azerbaijan,2004,0
Azerbaijan,2003,0
Azerbaijan,2002,0
Azerbaijan,2001,1.1
Azerbaijan,1995,3.5
Bangladesh,2022,1.7
Bangladesh,2016,2.4
Bangladesh,2010,3.2
Bangladesh,2005,4.6
Bangladesh,2000,7.3
Bangladesh,1995,7.5
Bangladesh,1991,10.5
Bangladesh,1988,10.4
Bangladesh,1985,6.8
Bangladesh,1983,9.3
Belarus,2020,0
Belarus,2019,0
Belarus,2018,0
Belarus,2017,0
Belarus,2016,0
Belarus,2015,0
Belarus,2014,0
Belarus,2013,0
Belarus,2012,0
Belarus,2011,0
Belarus,2010,0
Belarus,2009,0
Belarus,2008,0
Belarus,2007,0
Belarus,2006,0.1
Belarus,2005,0.2
Belarus,2004,0.2
Belarus,2003,0.8
Belarus,2002,1
Belarus,2001,1.5
Belarus,2000,3.5
Belarus,1999,5.2
Belarus,1998,5.6
Belgium,2020,0
Belgium,2019,0.1
Belgium,2018,0.1
Belgium,2017,0.1
Belgium,2016,0.1
Belgium,2015,0.1
Belgium,2014,0.1
Belgium,2013,0.1
Belgium,2012,0.1
Belgium,2011,0.1
Belgium,2010,0.1
Belgium,2009,0.1
Belgium,2008,0.1
Belgium,2007,0.1
Belgium,2006,0.1
Belgium,2005,0.1
Belgium,2004,0
Belgium,2003,0.2
Belgium,2000,0.3
Belgium,1997,0.3
Belgium,1995,0.4
Belgium,1992,0.8
Belgium,1988,0.5
Belgium,1985,0.2
Belize,1999,8.4
Belize,1998,8.1
Belize,1997,9.6
Belize,1996,7.3
Belize,1994,5.8
Belize,1993,6.2
Benin,2018,4.8
Benin,2015,23
Benin,2011,19.8
Benin,2003,18.2
Bhutan,2022,0
Bhutan,2017,0.2
Bhutan,2012,0.3
Bhutan,2007,1.1
Bhutan,2003,2.3
Bolivia,2021,0.6
Bolivia,2020,0.8
Bolivia,2019,0.6
Bolivia,2018,1.3
Bolivia,2017,2.1
Bolivia,2016,2.6
Bolivia,2015,2.1
Bolivia,2014,1.9
Bolivia,2013,2.3
Bolivia,2012,3
Bolivia,2011,2.2
Bolivia,2009,3.8
Bolivia,2008,3.8
Bolivia,2007,4.6
Bolivia,2006,6.3
Bolivia,2005,7.9
Bolivia,2004,4.4
Bolivia,2002,11
Bolivia,2001,10
Bolivia,2000,15.1
Bolivia,1999,13.1
Bolivia,1997,8
Bosnia and Herzegovina,2011,0
Bosnia and Herzegovina,2007,0
Bosnia and Herzegovina,2004,0.1
Bosnia and Herzegovina,2001,0.1
Botswana,2015,4.1
Botswana,2009,5.5
Botswana,2002,11.1
Botswana,1993,13.1
Botswana,1985,17.4
Brazil,2021,2.1
Brazil,2020,0.7
Brazil,2019,2.1
Brazil,2018,2
Brazil,2017,2
Brazil,2016,1.7
Brazil,2015,1.3
Brazil,2014,1.1
Brazil,2013,1.3
Brazil,2012,1.7
Brazil,2011,2.2
Brazil,2009,2.4
Brazil,2008,2.5
Brazil,2007,3.2
Brazil,2006,3.1
Brazil,2005,3.7
Brazil,2004,4.2
Brazil,2003,4.9
Brazil,2002,4.4
Brazil,2001,5.2
Brazil,1999,6.1
Brazil,1998,5.9
Brazil,1997,6.7
Brazil,1996,6.8
Brazil,1995,6
Brazil,1993,9.6
Brazil,1992,10.2
Brazil,1990,9.9
Brazil,1989,8.7
Brazil,1988,9.6
Brazil,1987,8.2
Brazil,1986,4.6
Brazil,1985,10.3
Brazil,1984,12.1
Brazil,1983,12.7
Brazil,1982,9.9
Brazil,1981,9.7
Bulgaria,2020,0.1
Bulgaria,2019,0.3
Bulgaria,2018,0.3
Bulgaria,2017,0.5
Bulgaria,2016,0.8
Bulgaria,2015,1.5
Bulgaria,2014,0.5
Bulgaria,2013,0.8
Bulgaria,2012,0.8
Bulgaria,2011,1
Bulgaria,2010,0.7
Bulgaria,2009,0.3
Bulgaria,2008,0.4
Bulgaria,2007,0.7
Bulgaria,2006,2.7
Burkina Faso,2018,8.4
Burkina Faso,2014,9.5
Burkina Faso,2009,18.2
Burkina Faso,2003,22.1
Burkina Faso,1998,41.1
Burkina Faso,1994,46.7
Burundi,2013,25.2
Burundi,2006,27.3
Burundi,1998,39.9
Burundi,1992,31.3
CÃ´te d'Ivoire,2018,2.4
CÃ´te d'Ivoire,2015,11.2
CÃ´te d'Ivoire,2008,12.4
CÃ´te d'Ivoire,2002,8.9
CÃ´te d'Ivoire,1998,9.6
CÃ´te d'Ivoire,1995,6.5
CÃ´te d'Ivoire,1992,8.5
CÃ´te d'Ivoire,1988,3.5
CÃ´te d'Ivoire,1987,2.2
CÃ´te d'Ivoire,1986,0.9
CÃ´te d'Ivoire,1985,2.6
Cabo Verde,2015,1
Cabo Verde,2007,2.5
Cabo Verde,2001,5.7
Cameroon,2014,8.3
Cameroon,2007,9.3
Cameroon,2001,6.9
Cameroon,1996,16.8
Canada,2019,0.1
Canada,2018,0.1
Canada,2017,0.1
Canada,2016,0.1
Canada,2015,0.1
Canada,2014,0.1
Canada,2013,0.1
Canada,2012,0.1
Canada,2011,0.1
Canada,2010,0.1
Canada,2009,0.1
Canada,2008,0.1
Canada,2007,0.1
Canada,2006,0.1
Canada,2005,0.2
Canada,2004,0.1
Canada,2003,0.1
Canada,2002,0.1
Canada,2001,0.1
Canada,2000,0.1
Canada,1999,0.2
Canada,1998,0.2
Canada,1997,0.2
Canada,1996,0.2
Canada,1995,0.7
Canada,1994,0.8
Canada,1993,1.1
Canada,1992,0.7
Canada,1991,1.2
Canada,1990,1
Canada,1989,1.2
Canada,1988,0.5
Canada,1987,0.5
Canada,1986,0.9
Canada,1985,0.4
Canada,1984,0.5
Canada,1982,0.5
Canada,1981,0.6
Canada,1979,0.9
Canada,1977,1
Canada,1975,1.2
Canada,1973,1.3
Canada,1971,1.6
Central African Republic,2021,29.7
Central African Republic,2008,29.7
Central African Republic,1992,56.2
Chad,2018,8.4
Chad,2011,14.3
Chad,2003,23.2
Chile,2020,0.4
Chile,2017,0.2
Chile,2015,0.2
Chile,2013,0.2
Chile,2011,0.3
Chile,2009,0.6
Chile,2006,0.7
Chile,2003,2.1
Chile,2000,2.2
Chile,1998,1.7
Chile,1996,1.6
Chile,1994,2.4
Chile,1992,2
Chile,1990,3.6
Chile,1987,5.2
China,2020,0
China,2019,0
China,2018,0.1
China,2017,0.1
China,2016,0.2
China,2015,0.2
China,2014,0.4
China,2013,0.5
China,2012,2
China,2011,2.5
China,2010,3.6
China,2008,5.1
China,2005,6.2
China,2002,12.4
China,1999,15.9
China,1996,15.9
China,1993,24.1
China,1990,28.3
Colombia,2021,2.8
Colombia,2020,4.5
Colombia,2019,2.1
Colombia,2018,1.8
Colombia,2017,1.7
Colombia,2016,1.9
Colombia,2015,1.9
Colombia,2014,2.1
Colombia,2013,2.3
Colombia,2012,2.5
Colombia,2011,2.5
Colombia,2010,3
Colombia,2009,3.6
Colombia,2008,4.4
Colombia,2005,3.7
Colombia,2004,4
Colombia,2003,4.9
Colombia,2002,5.1
Colombia,2001,10.8
Colombia,2000,11.3
Colombia,1999,11.5
Colombia,1996,9.5
Colombia,1992,4.9
Comoros,2014,6.7
Comoros,2004,4.2
Congo,2011,13.8
Congo,2005,19.6
Costa Rica,2022,0.3
Costa Rica,2021,0.4
Costa Rica,2020,0.9
Costa Rica,2019,0.4
Costa Rica,2018,0.6
Costa Rica,2017,0.4
Costa Rica,2016,0.5
Costa Rica,2015,0.6
Costa Rica,2014,0.6
Costa Rica,2013,0.6
Costa Rica,2012,0.6
Costa Rica,2011,0.7
Costa Rica,2010,0.7
Costa Rica,2009,1.1
Costa Rica,2008,1
Costa Rica,2007,0.7
Costa Rica,2006,1.3
Costa Rica,2005,1.2
Costa Rica,2004,1.8
Costa Rica,2003,2.1
Costa Rica,2002,2.2
Costa Rica,2001,2.3
Costa Rica,2000,3.3
Costa Rica,1999,3.1
Costa Rica,1998,2.5
Costa Rica,1997,3.2
Costa Rica,1996,4.4
Costa Rica,1995,3.9
Costa Rica,1994,3.7
Costa Rica,1993,4.7
Costa Rica,1992,5
Costa Rica,1991,6
Costa Rica,1990,5.5
Costa Rica,1989,5.9
Costa Rica,1986,6
Costa Rica,1981,11.3
Croatia,2020,0.2
Croatia,2019,0.2
Croatia,2018,0.2
Croatia,2017,0.3
Croatia,2016,0.3
Croatia,2015,0.4
Croatia,2014,0.5
Croatia,2013,0.4
Croatia,2012,0.5
Croatia,2011,0.4
Croatia,2010,0.9
Croatia,2009,0.6
Cyprus,2020,0
Cyprus,2019,0.2
Cyprus,2018,0
Cyprus,2017,0
Cyprus,2016,0
Cyprus,2015,0
Cyprus,2014,0.1
Cyprus,2013,0
Cyprus,2012,0
Cyprus,2011,0
Cyprus,2010,0
Cyprus,2009,0.1
Cyprus,2008,0
Cyprus,2007,0
Cyprus,2006,0
Cyprus,2005,0
Cyprus,2004,0.1
Czechia,2020,0
Czechia,2019,0
Czechia,2018,0
Czechia,2017,0
Czechia,2016,0
Czechia,2015,0
Czechia,2014,0
Czechia,2013,0
Czechia,2012,0
Czechia,2011,0
Czechia,2010,0
Czechia,2009,0
Czechia,2008,0
Czechia,2007,0
Czechia,2006,0
Czechia,2005,0
Czechia,2004,0
Czechia,2002,0
Czechia,1996,0
Czechia,1993,0
Czechia,1992,0
Dem. Rep. Congo,2012,32.7
Dem. Rep. Congo,2004,58.6
Denmark,2020,0.1
Denmark,2019,0.2
Denmark,2018,0.1
Denmark,2017,0.1
Denmark,2016,0.2
Denmark,2015,0.1
Denmark,2014,0.1
Denmark,2013,0.3
Denmark,2012,0
Denmark,2011,0
Denmark,2010,0
Denmark,2009,0.1
Denmark,2008,0.1
Denmark,2007,0
Denmark,2006,0
Denmark,2005,0.1
Denmark,2004,0.2
Denmark,2003,0.2
Denmark,2000,0
Denmark,1995,0
Denmark,1992,0.5
Denmark,1987,0.5
Djibouti,2017,6.4
Djibouti,2013,8.4
Djibouti,2012,8.4
Djibouti,2002,6.9
Dominican Republic,2021,0.2
Dominican Republic,2020,0.4
Dominican Republic,2019,0.2
Dominican Republic,2018,0.2
Dominican Republic,2017,0.3
Dominican Republic,2016,0.6
Dominican Republic,2015,0.6
Dominican Republic,2014,0.8
Dominican Republic,2013,0.8
Dominican Republic,2012,1
Dominican Republic,2011,1
Dominican Republic,2010,0.9
Dominican Republic,2009,1.2
Dominican Republic,2008,1.5
Dominican Republic,2007,1.7
Dominican Republic,2006,1.7
Dominican Republic,2005,2.3
Dominican Republic,2004,3.6
Dominican Republic,2003,2.9
Dominican Republic,2002,2.6
Dominican Republic,2001,1.6
Dominican Republic,2000,2.4
Dominican Republic,1997,2.6
Dominican Republic,1996,2.4
Dominican Republic,1992,2.1
Dominican Republic,1989,4.9
Dominican Republic,1986,2.3
East Asia & Pacific,2020,0.2
East Asia & Pacific,2019,0.2
East Asia & Pacific,2018,0.3
East Asia & Pacific,2017,0.4
East Asia & Pacific,2016,0.4
East Asia & Pacific,2015,0.5
East Asia & Pacific,2014,0.7
East Asia & Pacific,2013,0.9
East Asia & Pacific,2012,1.9
East Asia & Pacific,2011,2.4
East Asia & Pacific,2010,3.3
East Asia & Pacific,2009,4
East Asia & Pacific,2008,4.7
East Asia & Pacific,2007,5.1
East Asia & Pacific,2006,5.8
East Asia & Pacific,2005,5.9
East Asia & Pacific,2004,7.7
East Asia & Pacific,2003,9.2
East Asia & Pacific,2002,10.7
East Asia & Pacific,2001,12.1
East Asia & Pacific,2000,13
East Asia & Pacific,1999,14.4
East Asia & Pacific,1998,16
East Asia & Pacific,1997,15.2
East Asia & Pacific,1996,15.1
East Asia & Pacific,1995,17.1
East Asia & Pacific,1994,19.3
East Asia & Pacific,1993,22.1
East Asia & Pacific,1992,23.4
East Asia & Pacific,1991,24.7
East Asia & Pacific,1990,25.6
East Asia & Pacific,1989,27.2
East Asia & Pacific,1988,21.7
East Asia & Pacific,1987,24.7
East Asia & Pacific,1986,26.7
East Asia & Pacific,1985,28.2
East Asia & Pacific,1984,30.8
East Asia & Pacific,1983,35.4
East Asia & Pacific,1982,38.9
East Asia & Pacific,1981,41.6
Ecuador,2022,1
Ecuador,2021,1
Ecuador,2020,2.1
Ecuador,2019,1.1
Ecuador,2018,1
Ecuador,2017,1.1
Ecuador,2016,1.2
Ecuador,2015,1.2
Ecuador,2014,0.8
Ecuador,2013,1
Ecuador,2012,1.5
Ecuador,2011,1.8
Ecuador,2010,1.9
Ecuador,2009,2.6
Ecuador,2008,2.9
Ecuador,2007,3.2
Ecuador,2006,2.8
Ecuador,2005,4.5
Ecuador,2004,6.2
Ecuador,2003,5.8
Ecuador,2000,11.7
Ecuador,1999,9.8
Ecuador,1994,7.7
Egypt,2019,0.3
Egypt,2017,0.4
Egypt,2015,0.1
Egypt,2012,0.1
Egypt,2010,0.1
Egypt,2008,0.4
Egypt,2004,0.4
Egypt,1999,0.3
Egypt,1995,0.4
Egypt,1990,0.7
El Salvador,2022,1.3
El Salvador,2021,1.4
El Salvador,2019,0.3
El Salvador,2018,0.4
El Salvador,2017,0.5
El Salvador,2016,0.6
El Salvador,2015,0.5
El Salvador,2014,0.8
El Salvador,2013,0.9
El Salvador,2012,1.1
El Salvador,2011,1.3
El Salvador,2010,1.6
El Salvador,2009,2
El Salvador,2008,2
El Salvador,2007,1.3
El Salvador,2006,2.2
El Salvador,2005,4.3
El Salvador,2004,5.2
El Salvador,2003,8
El Salvador,2002,6.6
El Salvador,2001,6.3
El Salvador,2000,5.4
El Salvador,1999,9.3
El Salvador,1998,11.6
El Salvador,1996,6.3
El Salvador,1995,5.7
El Salvador,1991,10.8
El Salvador,1989,11.2
Estonia,2020,0.2
Estonia,2019,0.3
Estonia,2018,0.2
Estonia,2017,0.2
Estonia,2016,0.3
Estonia,2015,0.4
Estonia,2014,0.5
Estonia,2013,0.6
Estonia,2012,0.4
Estonia,2011,0.6
Estonia,2010,0.4
Estonia,2009,0.3
Estonia,2008,0.2
Estonia,2007,0.3
Estonia,2006,0.5
Estonia,2005,0.3
Estonia,2004,0.6
Estonia,2003,1.3
Eswatini,2016,12.8
Eswatini,2009,20.9
Eswatini,2000,22.5
Eswatini,1994,55.8
Ethiopia,2015,7.6
Ethiopia,2010,8.1
Ethiopia,2004,7.6
Ethiopia,1999,17.5
Ethiopia,1995,27.9
Europe & Central Asia,2020,0.6
Europe & Central Asia,2019,0.6
Europe & Central Asia,2018,0.6
Europe & Central Asia,2017,0.8
Europe & Central Asia,2016,0.8
Europe & Central Asia,2015,0.9
Europe & Central Asia,2014,1.1
Europe & Central Asia,2013,1
Europe & Central Asia,2012,1.2
Europe & Central Asia,2011,1.2
Europe & Central Asia,2010,1.3
Europe & Central Asia,2009,1.4
Europe & Central Asia,2008,1.5
Europe & Central Asia,2007,1.8
Europe & Central Asia,2006,2
Europe & Central Asia,2005,2.3
Europe & Central Asia,2004,2.3
Europe & Central Asia,2003,2.7
Europe & Central Asia,2002,2.6
Europe & Central Asia,2001,2.9
Europe & Central Asia,2000,3.2
Europe & Central Asia,1999,3.3
Europe & Central Asia,1998,2.7
Europe & Central Asia,1997,2.8
Europe & Central Asia,1996,3
Europe & Central Asia,1995,2.8
Europe & Central Asia,1994,2.8
Europe & Central Asia,1993,2
Europe & Central Asia,1992,1.7
Europe & Central Asia,1991,1.3
Europe & Central Asia,1990,1.2
Fiji,2019,0.2
Fiji,2013,0.1
Fiji,2008,0.1
Fiji,2002,0.3
Finland,2020,0
Finland,2019,0
Finland,2018,0
Finland,2017,0.1
Finland,2016,0
Finland,2015,0.1
Finland,2014,0
Finland,2013,0.1
Finland,2012,0
Finland,2011,0
Finland,2010,0
Finland,2009,0
Finland,2008,0
Finland,2007,0
Finland,2006,0.1
Finland,2005,0
Finland,2004,0
Finland,2003,0
Finland,2000,0
Finland,1995,0
Finland,1991,0
Finland,1987,0
Fragile and conflict affected situations,2018,11.5
Fragile and conflict affected situations,2017,11.2
Fragile and conflict affected situations,2016,10.9
Fragile and conflict affected situations,2015,10.7
Fragile and conflict affected situations,2014,10
Fragile and conflict affected situations,2013,10.5
Fragile and conflict affected situations,2012,11
Fragile and conflict affected situations,2011,11.7
Fragile and conflict affected situations,2010,12.3
Fragile and conflict affected situations,2009,13.4
Fragile and conflict affected situations,2008,13.8
Fragile and conflict affected situations,2007,14.7
Fragile and conflict affected situations,2006,15.6
Fragile and conflict affected situations,2005,16.7
Fragile and conflict affected situations,2004,17.7
Fragile and conflict affected situations,2003,19.5
Fragile and conflict affected situations,2002,20.6
Fragile and conflict affected situations,2001,21.5
Fragile and conflict affected situations,1999,23.5
Fragile and conflict affected situations,1998,24.1
Fragile and conflict affected situations,1997,24.7
Fragile and conflict affected situations,1996,25.1
Fragile and conflict affected situations,1995,25.9
Fragile and conflict affected situations,1994,25.9
Fragile and conflict affected situations,1993,25.3
France,2020,0.1
France,2019,0
France,2018,0
France,2017,0
France,2016,0.1
France,2015,0.1
France,2014,0
France,2013,0
France,2012,0
France,2011,0
France,2010,0
France,2009,0
France,2008,0
France,2007,0
France,2006,0
France,2005,0
France,2004,0
France,2003,0.1
France,2002,0
France,2001,0
France,2000,0
France,1999,0
France,1998,0
France,1997,0
France,1996,0
France,1990,0
France,1984,0.2
France,1979,0.1
France,1975,0.1
France,1970,0
Gabon,2017,0.6
Gabon,2005,1.2
Georgia,2021,1.3
Georgia,2020,1.5
Georgia,2019,1.1
Georgia,2018,1.5
Georgia,2017,1.6
Georgia,2016,1.2
Georgia,2015,1.2
Georgia,2014,1.6
Georgia,2013,2.1
Georgia,2012,3
Georgia,2011,4.3
Georgia,2010,4.4
Georgia,2009,3.7
Georgia,2008,3.6
Georgia,2007,4.2
Georgia,2006,3.8
Georgia,2005,4
Georgia,2004,3.8
Georgia,2003,4
Georgia,2002,3.8
Georgia,2001,7.8
Georgia,2000,8.1
Georgia,1999,7.6
Georgia,1998,6.3
Georgia,1997,6.7
Georgia,1996,1.4
Germany,2019,0
Germany,2018,0
Germany,2017,0.2
Germany,2016,0
Germany,2015,0
Germany,2014,0
Germany,2013,0
Germany,2012,0
Germany,2011,0
Germany,2010,0
Germany,2009,0
Germany,2008,0
Germany,2007,0
Germany,2006,0
Germany,2005,0
Germany,2004,0
Germany,2003,0
Germany,2002,0
Germany,2001,0
Germany,2000,0
Germany,1999,0
Germany,1998,0
Germany,1997,0
Germany,1996,0
Germany,1995,0.2
Germany,1994,0.1
Germany,1993,0
Germany,1992,0
Germany,1991,0
Ghana,2016,9.3
Ghana,2012,8.3
Ghana,2005,16.1
Ghana,1998,21.9
Ghana,1991,26.2
Ghana,1988,21.5
Ghana,1987,22
Greece,2020,0.5
Greece,2019,0.4
Greece,2018,0.1
Greece,2017,0.4
Greece,2016,0.6
Greece,2015,0.8
Greece,2014,0.8
Greece,2013,0.3
Greece,2012,0.6
Greece,2011,0.9
Greece,2010,0.7
Greece,2009,0.5
Greece,2008,0.3
Greece,2007,0.4
Greece,2006,0.3
Greece,2005,0.2
Greece,2004,0.5
Greece,2003,0.4
Greece,2000,0.4
Greece,1995,1.1
Guatemala,2014,2.7
Guatemala,2006,3.9
Guatemala,2000,3.5
Guatemala,1998,5.3
Guatemala,1989,18.1
Guatemala,1986,24.2
Guinea,2018,3.1
Guinea,2012,6.6
Guinea,2007,16.5
Guinea,2002,20.7
Guinea,1994,14.6
Guinea,1991,56.6
Guinea-Bissau,2018,4.7
Guinea-Bissau,2010,30.3
Guinea-Bissau,2002,18.4
Guinea-Bissau,1993,14.6
Guinea-Bissau,1991,22.5
Guyana,1998,5.9
Guyana,1992,10.7
Haiti,2012,10.1
High income,2020,0.2
High income,2019,0.4
High income,2018,0.4
High income,2017,0.5
High income,2016,0.4
High income,2015,0.5
High income,2014,0.5
High income,2013,0.4
High income,2012,0.4
High income,2011,0.4
High income,2010,0.4
High income,2009,0.3
High income,2008,0.4
High income,2007,0.3
High income,2006,0.4
High income,2005,0.4
High income,2004,0.4
High income,2003,0.4
High income,2002,0.4
High income,2001,0.4
High income,2000,0.4
High income,1999,0.4
High income,1998,0.4
High income,1997,0.4
High income,1996,0.4
High income,1995,0.4
High income,1994,0.5
High income,1993,0.4
High income,1992,0.4
High income,1991,0.4
High income,1990,0.3
High income,1989,0.3
High income,1988,0.3
High income,1987,0.4
High income,1986,0.4
High income,1985,0.4
High income,1984,0.4
High income,1983,0.4
High income,1982,0.4
Honduras,2019,4.3
Honduras,2018,5.1
Honduras,2017,5
Honduras,2016,5.5
Honduras,2015,4.3
Honduras,2014,4.3
Honduras,2013,5.2
Honduras,2012,6.8
Honduras,2011,5.5
Honduras,2010,4.7
Honduras,2009,4.2
Honduras,2008,6
Honduras,2007,5.9
Honduras,2006,9.9
Honduras,2005,12.2
Honduras,2004,11.2
Honduras,2003,11.7
Honduras,2002,9.3
Honduras,2001,8.2
Honduras,1999,12.1
Honduras,1998,12.3
Honduras,1997,7
Honduras,1996,12.3
Honduras,1995,10.1
Honduras,1994,9.7
Honduras,1993,8
Honduras,1992,9.7
Honduras,1991,12.2
Honduras,1990,19.3
Honduras,1989,17.7
Hungary,2020,0.3
Hungary,2019,0.1
Hungary,2018,0.1
Hungary,2017,0.4
Hungary,2016,0.8
Hungary,2015,0.3
Hungary,2014,0.5
Hungary,2013,0
Hungary,2012,0.2
Hungary,2011,0
Hungary,2010,0
Hungary,2009,0
Hungary,2008,0
Hungary,2007,0
Hungary,2006,0.1
Hungary,2005,0.4
Hungary,2004,0.1
Iceland,2017,0
Iceland,2016,0
Iceland,2015,0
Iceland,2014,0
Iceland,2013,0
Iceland,2012,0
Iceland,2011,0.1
Iceland,2010,0.1
Iceland,2009,0.1
Iceland,2008,0
Iceland,2007,0
Iceland,2006,0.1
Iceland,2005,0
Iceland,2004,0.1
Iceland,2003,0
IDA total,2019,9.3
IDA total,2018,9.6
IDA total,2017,9.6
IDA total,2016,9.6
IDA total,2015,9.6
IDA total,2014,9.5
IDA total,2013,9.9
IDA total,2012,10.3
IDA total,2011,10.9
IDA total,2010,11.4
IDA total,2009,12.3
IDA total,2008,12.6
IDA total,2007,13.5
IDA total,2006,14.3
IDA total,2005,15.3
IDA total,2004,16.3
IDA total,2003,17.9
IDA total,2002,18.9
IDA total,2001,19.6
IDA total,2000,20.5
IDA total,1999,20.6
IDA total,1998,20.8
IDA total,1997,20.9
IDA total,1996,21.4
IDA total,1995,22
IDA total,1994,23.1
IDA total,1993,23
IDA total,1992,23
IDA total,1991,23.6
IDA total,1990,23.3
IDA total,1989,22.8
India,2021,2.2
India,2020,2.9
India,2019,2.5
India,2018,2.2
India,2017,2.5
India,2016,3.6
India,2015,3.7
India,2011,4.6
India,2009,7.5
India,2004,9.8
India,1993,12.8
India,1987,14.5
India,1983,17.8
India,1977,21.8
Indonesia,2022,0.3
Indonesia,2021,0.5
Indonesia,2020,0.5
Indonesia,2019,0.6
Indonesia,2018,0.8
Indonesia,2017,1
Indonesia,2016,1.2
Indonesia,2015,1.4
Indonesia,2014,1.5
Indonesia,2013,1.8
Indonesia,2012,2.3
Indonesia,2011,2.9
Indonesia,2010,3.5
Indonesia,2009,4.3
Indonesia,2008,5.3
Indonesia,2007,5.7
Indonesia,2006,7.5
Indonesia,2005,5.3
Indonesia,2004,6.3
Indonesia,2003,5.4
Indonesia,2002,5.3
Indonesia,2001,9.2
Indonesia,2000,10.7
Indonesia,1999,11.8
Indonesia,1998,24.6
Indonesia,1996,15.1
Indonesia,1993,20.2
Indonesia,1990,20.5
Indonesia,1987,28.5
Indonesia,1984,30.3
Iran,2019,0.2
Iran,2018,0.2
Iran,2017,0.1
Iran,2016,0.1
Iran,2015,0.1
Iran,2014,0.1
Iran,2013,0.1
Iran,2009,0.4
Iran,2006,0.2
Iran,2005,0.2
Iran,1998,0.8
Iran,1994,0.9
Iran,1990,2.2
Iran,1986,2.3
Iraq,2012,0
Iraq,2006,0
Ireland,2020,0.1
Ireland,2019,0
Ireland,2018,0
Ireland,2017,0.2
Ireland,2016,0.1
Ireland,2015,0.3
Ireland,2014,0.3
Ireland,2013,0.5
Ireland,2012,0.1
Ireland,2011,0.4
Ireland,2010,0.4
Ireland,2009,0.4
Ireland,2008,0.1
Ireland,2007,0.1
Ireland,2006,0.1
Ireland,2005,0
Ireland,2004,0
Ireland,2003,0.1
Ireland,2002,0.1
Ireland,2000,0
Ireland,1996,0.1
Ireland,1995,0.1
Ireland,1994,0.1
Ireland,1987,0.3
Israel,2018,0.2
Israel,2017,0.2
Israel,2016,0.1
Israel,2015,0.2
Israel,2014,0.2
Israel,2013,0.2
Israel,2012,0.3
Israel,2011,0.2
Israel,2010,0.1
Israel,2009,0.2
Israel,2008,0.2
Israel,2007,0.2
Israel,2006,0.1
Israel,2005,0.4
Israel,2004,0.3
Israel,2003,0.2
Israel,2002,0.3
Israel,2001,0
Israel,1997,0.2
Israel,1992,0
Israel,1986,0.1
Israel,1979,0
Italy,2020,0.7
Italy,2019,0.8
Italy,2018,1
Italy,2017,1.1
Italy,2016,1.2
Italy,2015,1.4
Italy,2014,0.9
Italy,2013,1.1
Italy,2012,0.8
Italy,2011,0.9
Italy,2010,0.9
Italy,2009,0.6
Italy,2008,0.5
Italy,2007,0.5
Italy,2006,0.5
Italy,2005,0.5
Italy,2004,0.5
Italy,2003,0.5
Italy,2000,1.1
Italy,1998,1.4
Italy,1995,0.5
Italy,1993,0.8
Italy,1991,0.2
Italy,1989,0
Italy,1987,1
Italy,1986,0.1
Jamaica,2004,0.3
Jamaica,2002,0.5
Jamaica,1999,0.5
Jamaica,1996,0.6
Jamaica,1993,1.9
Jamaica,1990,0.6
Jamaica,1988,1.3
Japan,2013,0.2
Japan,2010,0
Japan,2008,0.2
Jordan,2010,0
Jordan,2008,0
Jordan,2006,0
Jordan,2002,0
Jordan,1997,0.1
Jordan,1992,0.1
Jordan,1986,0
Kazakhstan,2018,0
Kazakhstan,2017,0
Kazakhstan,2016,0
Kazakhstan,2015,0
Kazakhstan,2014,0
Kazakhstan,2013,0
Kazakhstan,2012,0
Kazakhstan,2011,0
Kazakhstan,2010,0
Kazakhstan,2009,0
Kazakhstan,2008,0
Kazakhstan,2007,0.1
Kazakhstan,2006,0.2
Kazakhstan,2005,2.1
Kazakhstan,2004,0.6
Kazakhstan,2003,1.3
Kazakhstan,2002,1.9
Kazakhstan,2001,3.3
Kazakhstan,1996,2.2
Kenya,2021,9.7
Kenya,2020,9.7
Kenya,2015,8.6
Kenya,2005,12.9
Kenya,1997,7.2
Kenya,1994,8.9
Kenya,1992,9.4
Kiribati,2019,0.3
Kiribati,2006,3.7
Korea,2016,0.1
Korea,2014,0.1
Korea,2012,0.1
Korea,2010,0.2
Korea,2008,0.2
Korea,2006,0.2
Kosovo,2017,0.2
Kosovo,2016,0.2
Kosovo,2015,0.1
Kosovo,2014,0.2
Kosovo,2013,0.1
Kosovo,2012,0.1
Kosovo,2011,0.3
Kosovo,2010,0.5
Kosovo,2009,0.6
Kosovo,2006,0.6
Kosovo,2005,0.9
Kosovo,2003,0.3
Kyrgyz Republic,2020,0.2
Kyrgyz Republic,2019,0.2
Kyrgyz Republic,2018,0.1
Kyrgyz Republic,2017,0.2
Kyrgyz Republic,2016,0.2
Kyrgyz Republic,2015,0.4
Kyrgyz Republic,2014,0.2
Kyrgyz Republic,2013,0.4
Kyrgyz Republic,2012,0.7
Kyrgyz Republic,2011,0.2
Kyrgyz Republic,2010,1
Kyrgyz Republic,2009,0.3
Kyrgyz Republic,2008,0.6
Kyrgyz Republic,2007,1.7
Kyrgyz Republic,2006,1.5
Kyrgyz Republic,2005,2.6
Kyrgyz Republic,2004,2.4
Kyrgyz Republic,2003,5.3
Kyrgyz Republic,2002,7.7
Kyrgyz Republic,2001,8.2
Kyrgyz Republic,2000,10.1
Lao PDR,2018,1.2
Lao PDR,2012,2.1
Lao PDR,2007,4.3
Lao PDR,2002,5.4
Lao PDR,1997,11.9
Lao PDR,1992,5
Latin America & Caribbean,2021,1.6
Latin America & Caribbean,2020,1.4
Latin America & Caribbean,2019,1.5
Latin America & Caribbean,2018,1.5
Latin America & Caribbean,2017,1.5
Latin America & Caribbean,2016,1.5
Latin America & Caribbean,2015,1.4
Latin America & Caribbean,2014,1.5
Latin America & Caribbean,2013,1.6
Latin America & Caribbean,2012,1.9
Latin America & Caribbean,2011,2.4
Latin America & Caribbean,2010,2.6
Latin America & Caribbean,2009,2.8
Latin America & Caribbean,2008,3
Latin America & Caribbean,2007,3.3
Latin America & Caribbean,2006,3.4
Latin America & Caribbean,2005,4.2
Latin America & Caribbean,2004,4.3
Latin America & Caribbean,2003,4.9
Latin America & Caribbean,2002,5
Latin America & Caribbean,2001,5.6
Latin America & Caribbean,2000,5.9
Latin America & Caribbean,1999,6.4
Latin America & Caribbean,1998,6.3
Latin America & Caribbean,1997,6.7
Latin America & Caribbean,1996,7.2
Latin America & Caribbean,1995,6.2
Latin America & Caribbean,1994,6.3
Latin America & Caribbean,1993,6.8
Latin America & Caribbean,1992,6.9
Latin America & Caribbean,1991,7
Latin America & Caribbean,1990,7.2
Latin America & Caribbean,1989,6.9
Latin America & Caribbean,1988,7
Latin America & Caribbean,1987,6.3
Latin America & Caribbean,1986,5
Latin America & Caribbean,1985,6.9
Latin America & Caribbean,1984,7.4
Latin America & Caribbean,1983,7.7
Latin America & Caribbean,1982,6.4
Latin America & Caribbean,1981,6.1
Latvia,2020,0.2
Latvia,2019,0.2
Latvia,2018,0.2
Latvia,2017,0.3
Latvia,2016,0.3
Latvia,2015,0.4
Latvia,2014,0.4
Latvia,2013,0.6
Latvia,2012,0.5
Latvia,2011,0.5
Latvia,2010,0.8
Latvia,2009,1
Latvia,2008,0.6
Latvia,2007,0.4
Latvia,2006,0.8
Latvia,2005,1.2
Latvia,2004,1.3
Lebanon,2011,0
Lesotho,2017,11.6
Lesotho,2002,36
Lesotho,1994,31.2
Lesotho,1986,27.3
Liberia,2016,7.5
Liberia,2014,6.4
Liberia,2007,19.6
Lithuania,2020,0.1
Lithuania,2019,0.4
Lithuania,2018,0.5
Lithuania,2017,0.8
Lithuania,2016,0.7
Lithuania,2015,0.5
Lithuania,2014,0.7
Lithuania,2013,0.5
Lithuania,2012,0.7
Lithuania,2011,0.5
Lithuania,2010,1
Lithuania,2009,1.2
Lithuania,2008,0.9
Lithuania,2007,0.8
Lithuania,2006,0.7
Lithuania,2005,0.9
Lithuania,2004,1.3
Low & middle income,2020,1.3
Low & middle income,2019,3.2
Low & middle income,2018,3.3
Low & middle income,2017,3.4
Low & middle income,2016,3.6
Low & middle income,2015,3.6
Low & middle income,2014,3.7
Low & middle income,2013,3.8
Low & middle income,2012,4.3
Low & middle income,2011,4.8
Low & middle income,2010,5.5
Low & middle income,2009,6.2
Low & middle income,2008,6.6
Low & middle income,2007,7
Low & middle income,2006,7.5
Low & middle income,2005,7.9
Low & middle income,2004,8.9
Low & middle income,2003,9.8
Low & middle income,2002,10.6
Low & middle income,2001,11.3
Low & middle income,2000,11.9
Low & middle income,1999,12.4
Low & middle income,1998,13.1
Low & middle income,1997,12.9
Low & middle income,1996,13
Low & middle income,1995,13.8
Low & middle income,1994,14.8
Low & middle income,1993,15.9
Low & middle income,1992,16.4
Low & middle income,1991,17
Low & middle income,1990,17.3
Low & middle income,1989,17.8
Low & middle income,1988,15.8
Low & middle income,1987,17.1
Low & middle income,1986,17.8
Low & middle income,1985,18.8
Low & middle income,1984,20
Low & middle income,1983,22
Low & middle income,1982,23.4
Low & middle income,1981,24.4
Low income,2018,17.8
Low income,2017,17.4
Low income,2016,17
Low income,2015,17
Low income,2014,16.4
Low income,2013,16.9
Low income,2012,17.5
Low income,2011,18.3
Low income,2010,19.1
Low income,2009,20.4
Low income,2008,20.1
Low income,2007,21.5
Low income,2006,22.5
Low income,2005,23.5
Low income,2004,24.7
Low income,2003,26.7
Low income,2002,27.9
Low income,2001,27.8
Low income,2000,28.5
Low income,1999,28.5
Low income,1998,29.3
Low income,1997,30
Low income,1996,30.5
Low income,1995,31.6
Lower middle income,2021,2
Lower middle income,2020,2.4
Lower middle income,2019,3.1
Lower middle income,2018,3.1
Lower middle income,2017,3.4
Lower middle income,2016,3.9
Lower middle income,2015,4
Lower middle income,2014,4.1
Lower middle income,2013,4.4
Lower middle income,2012,4.6
Lower middle income,2011,5.1
Lower middle income,2010,5.9
Lower middle income,2009,6.7
Lower middle income,2008,7.1
Lower middle income,2007,7.6
Lower middle income,2006,8.2
Lower middle income,2005,8.7
Lower middle income,2004,9.3
Lower middle income,2003,10
Lower middle income,2002,10.5
Lower middle income,1996,12
Lower middle income,1995,12.5
Lower middle income,1994,13
Lower middle income,1993,13.3
Lower middle income,1992,13.6
Lower middle income,1991,14.2
Lower middle income,1990,14.4
Lower middle income,1989,14.6
Lower middle income,1988,14.7
Lower middle income,1987,15.1
Lower middle income,1986,15.3
Lower middle income,1985,15.5
Lower middle income,1984,16.1
Lower middle income,1983,16.7
Lower middle income,1982,17.2
Lower middle income,1981,17.4
Luxembourg,2020,0
Luxembourg,2019,0.1
Luxembourg,2018,0.1
Luxembourg,2017,0.2
Luxembourg,2016,0.1
Luxembourg,2015,0.2
Luxembourg,2014,0.1
Luxembourg,2013,0.1
Luxembourg,2012,0
Luxembourg,2011,0.1
Luxembourg,2010,0
Luxembourg,2009,0
Luxembourg,2008,0
Luxembourg,2007,0
Luxembourg,2006,0
Luxembourg,2005,0
Luxembourg,2004,0
Luxembourg,2003,0
Luxembourg,2002,0
Luxembourg,2001,0
Luxembourg,2000,0
Luxembourg,1999,0
Luxembourg,1998,0
Luxembourg,1997,0
Luxembourg,1996,0
Luxembourg,1995,0
Luxembourg,1994,0
Luxembourg,1993,0
Luxembourg,1992,0
Luxembourg,1991,0
Luxembourg,1990,0
Luxembourg,1989,0
Luxembourg,1988,0
Luxembourg,1987,0
Luxembourg,1986,0
Luxembourg,1985,0
Madagascar,2012,42.6
Madagascar,2010,40.3
Madagascar,2005,32.9
Madagascar,2001,36.1
Madagascar,1999,29.7
Madagascar,1997,30.8
Madagascar,1993,33.1
Madagascar,1980,19.5
Malawi,2019,29.3
Malawi,2016,26
Malawi,2010,30.7
Malawi,2004,27.9
Malawi,1997,21.4
Malaysia,2018,0
Malaysia,2015,0
Malaysia,2013,0
Malaysia,2011,0
Malaysia,2008,0.1
Malaysia,2006,0.2
Malaysia,2003,0.3
Malaysia,1997,0.1
Malaysia,1995,0.3
Malaysia,1992,0.2
Malaysia,1989,0.3
Malaysia,1987,0.4
Malaysia,1984,0.7
Maldives,2019,0
Maldives,2016,0
Maldives,2009,0.8
Maldives,2002,1.5
Mali,2018,3
Mali,2009,14.7
Mali,2006,17.1
Mali,2001,22.4
Mali,1994,51.4
Malta,2020,0.1
Malta,2019,0.1
Malta,2018,0.1
Malta,2017,0.1
Malta,2016,0.1
Malta,2015,0.1
Malta,2014,0
Malta,2013,0
Malta,2012,0
Malta,2011,0.1
Malta,2010,0.1
Malta,2009,0.2
Malta,2008,0.1
Malta,2007,0.2
Malta,2006,0.2
Marshall Islands,2019,0.2
Mauritania,2014,1.6
Mauritania,2008,3
Mauritania,2004,4.7
Mauritania,2000,6
Mauritania,1995,6.6
Mauritania,1993,14.5
Mauritania,1987,18
Mauritius,2017,0
Mauritius,2012,0.1
Mauritius,2006,0.1
Mexico,2020,1
Mexico,2018,0.7
Mexico,2016,0.9
Mexico,2014,1.1
Mexico,2012,1.2
Mexico,2010,1.6
Mexico,2008,1.7
Mexico,2006,1.2
Mexico,2005,2.1
Mexico,2004,2
Mexico,2002,2
Mexico,2000,2.8
Mexico,1998,4.3
Mexico,1996,7.2
Mexico,1994,2.3
Mexico,1992,2
Mexico,1989,3.3
Micronesia,2013,5.9
Micronesia,2005,1.9
Middle East & North Africa,2018,3.7
Middle East & North Africa,2017,2.6
Middle East & North Africa,2016,1.8
Middle East & North Africa,2015,1.5
Middle East & North Africa,2014,0.6
Middle East & North Africa,2013,0.5
Middle East & North Africa,2012,0.5
Middle East & North Africa,2011,0.5
Middle East & North Africa,2010,0.4
Middle East & North Africa,2009,0.5
Middle East & North Africa,2008,0.5
Middle East & North Africa,2007,0.5
Middle East & North Africa,2006,0.5
Middle East & North Africa,2005,0.5
Middle East & North Africa,2004,0.5
Middle East & North Africa,2003,0.6
Middle East & North Africa,2001,0.7
Middle East & North Africa,2000,0.7
Middle East & North Africa,1999,0.8
Middle East & North Africa,1998,0.8
Middle East & North Africa,1997,0.9
Middle East & North Africa,1996,0.9
Middle East & North Africa,1995,1
Middle East & North Africa,1994,0.9
Middle East & North Africa,1993,1
Middle East & North Africa,1992,1.1
Middle East & North Africa,1991,1.3
Middle East & North Africa,1990,1.3
Middle East & North Africa,1989,1.5
Middle East & North Africa,1988,1.6
Middle East & North Africa,1987,1.6
Middle East & North Africa,1986,1.5
Middle East & North Africa,1985,1.4
Moldova,2021,0
Moldova,2019,0
Moldova,2018,0
Moldova,2017,0
Moldova,2016,0
Moldova,2015,0
Moldova,2014,0
Moldova,2013,0
Moldova,2012,0
Moldova,2011,0
Moldova,2010,0.1
Moldova,2009,0.1
Moldova,2008,0.2
Moldova,2007,0.2
Moldova,2006,0.5
Moldova,2005,2.6
Moldova,2004,1.4
Moldova,2003,1
Moldova,2002,3
Moldova,2001,6.5
Moldova,2000,9.2
Moldova,1999,10.6
Moldova,1998,7.6
Moldova,1997,3.9
Mongolia,2018,0.1
Mongolia,2016,0.1
Mongolia,2014,0
Mongolia,2012,0.1
Mongolia,2011,0.1
Mongolia,2010,0.2
Mongolia,2007,0.3
Mongolia,2002,2.7
Mongolia,1998,8.6
Mongolia,1995,3.4
Montenegro,2018,1
Montenegro,2017,1.7
Montenegro,2016,1.5
Montenegro,2015,0.2
Montenegro,2014,0.4
Montenegro,2013,1
Montenegro,2012,1.2
Morocco,2013,0.3
Morocco,2006,0.8
Morocco,2000,1.7
Morocco,1998,1.9
Morocco,1990,0.7
Morocco,1984,3
Mozambique,2019,37.5
Mozambique,2014,29.4
Mozambique,2008,33
Mozambique,2002,41.8
Mozambique,1996,49.9
Myanmar,2017,0.3
Myanmar,2015,1.4
Namibia,2015,5.4
Namibia,2009,8.2
Namibia,2003,12.2
Nauru,2012,0.2
Nepal,2010,1.6
Nepal,2003,11.5
Nepal,1995,17.4
Netherlands,2020,0
Netherlands,2019,0
Netherlands,2018,0.1
Netherlands,2017,0.1
Netherlands,2016,0
Netherlands,2015,0
Netherlands,2014,0
Netherlands,2013,0
Netherlands,2012,0
Netherlands,2011,0.1
Netherlands,2010,0
Netherlands,2009,0.1
Netherlands,2008,0.1
Netherlands,2007,0
Netherlands,2006,0
Netherlands,2005,0.1
Netherlands,2004,0.1
Netherlands,1999,0.2
Netherlands,1993,0.7
Netherlands,1990,0.6
Netherlands,1987,0.2
Netherlands,1983,0.4
Nicaragua,2014,0.9
Nicaragua,2009,2.2
Nicaragua,2005,2.5
Nicaragua,2001,6.1
Nicaragua,1998,11.2
Nicaragua,1993,19
Niger,2018,15.5
Niger,2014,18.1
Niger,2011,19.2
Niger,2007,34.7
Niger,2005,40.9
Niger,1994,48.3
Niger,1992,40.3
Nigeria,2018,9
Nigeria,2015,9.4
Nigeria,2012,9.9
Nigeria,2010,10.3
Nigeria,2003,18.8
Nigeria,1996,27.9
Nigeria,1992,24.4
Nigeria,1985,18.4
North Macedonia,2019,1.1
North Macedonia,2018,1.2
North Macedonia,2017,1.8
North Macedonia,2016,1.7
North Macedonia,2015,2.2
North Macedonia,2014,2
North Macedonia,2013,1.9
North Macedonia,2012,2.9
North Macedonia,2011,4.2
North Macedonia,2010,6
North Macedonia,2009,4.3
Norway,2019,0.1
Norway,2018,0.2
Norway,2017,0.2
Norway,2016,0.2
Norway,2015,0.1
Norway,2014,0.1
Norway,2013,0.1
Norway,2012,0.1
Norway,2011,0.1
Norway,2010,0.1
Norway,2009,0
Norway,2008,0.1
Norway,2007,0.1
Norway,2006,0.1
Norway,2005,0.2
Norway,2004,0.2
Norway,2003,0.1
Norway,2000,0.2
Norway,1995,0.2
Norway,1991,0.2
Norway,1986,0
Norway,1979,0.2
Pakistan,2018,0.6
Pakistan,2015,0.7
Pakistan,2013,1.1
Pakistan,2011,1.3
Pakistan,2010,1.3
Pakistan,2007,2.3
Pakistan,2005,3.5
Pakistan,2004,3.9
Pakistan,2001,6.8
Pakistan,1998,6.4
Pakistan,1996,3.9
Pakistan,1990,23.2
Pakistan,1987,24
Panama,2021,0.5
Panama,2019,0.4
Panama,2018,0.4
Panama,2017,0.8
Panama,2016,0.4
Panama,2015,0.4
Panama,2014,0.9
Panama,2013,0.6
Panama,2012,1.1
Panama,2011,0.7
Panama,2010,1
Panama,2009,0.6
Panama,2008,1.1
Panama,2007,2.2
Panama,2006,3.9
Panama,2005,3.2
Panama,2004,3.4
Panama,2003,4
Panama,2002,3.8
Panama,2001,7.2
Panama,2000,6
Panama,1999,8
Panama,1998,9.4
Panama,1997,8.7
Panama,1995,10.5
Panama,1991,13.2
Panama,1989,15.6
Panama,1979,1.1
Papua New Guinea,2009,15.7
Papua New Guinea,1996,22.4
Paraguay,2022,0.3
Paraguay,2021,0.2
Paraguay,2020,0.2
Paraguay,2019,0.2
Paraguay,2018,0.3
Paraguay,2017,0.2
Paraguay,2016,0.3
Paraguay,2015,0.4
Paraguay,2014,0.6
Paraguay,2013,0.6
Paraguay,2012,0.9
Paraguay,2011,1.6
Paraguay,2010,1.7
Paraguay,2009,1.7
Paraguay,2008,1.3
Paraguay,2007,2.4
Paraguay,2006,2.4
Paraguay,2005,2
Paraguay,2004,1.7
Paraguay,2003,2.7
Paraguay,2002,5
Paraguay,2001,3.3
Paraguay,1999,4.1
Paraguay,1997,4.5
Paraguay,1995,5.3
Paraguay,1990,0.3
Peru,2021,0.7
Peru,2020,1.8
Peru,2019,0.8
Peru,2018,1
Peru,2017,1.2
Peru,2016,1.2
Peru,2015,1.3
Peru,2014,1.3
Peru,2013,1.6
Peru,2012,1.8
Peru,2011,1.9
Peru,2010,2.1
Peru,2009,2.8
Peru,2008,3.6
Peru,2007,4.6
Peru,2006,5.7
Peru,2005,6.6
Peru,2004,5.6
Peru,2003,4.8
Peru,2002,6.7
Peru,2001,7.7
Peru,2000,7.3
Peru,1999,8
Peru,1998,7.8
Peru,1997,8.2
Philippines,2021,0.5
Philippines,2018,0.5
Philippines,2015,1.3
Philippines,2012,2.4
Philippines,2009,2.5
Philippines,2006,3.6
Philippines,2003,3.3
Philippines,2000,3.3
Poland,2019,0
Poland,2018,0.1
Poland,2017,0.2
Poland,2016,0.1
Poland,2015,0.2
Poland,2014,0.2
Poland,2013,0.2
Poland,2012,0.1
Poland,2011,0.1
Poland,2010,0.1
Poland,2009,0.1
Poland,2008,0.1
Poland,2007,0.3
Poland,2006,0.3
Poland,2005,0.4
Poland,2004,1
Portugal,2020,0.2
Portugal,2019,0.1
Portugal,2018,0.2
Portugal,2017,0.2
Portugal,2016,0.2
Portugal,2015,0.3
Portugal,2014,0.2
Portugal,2013,0.4
Portugal,2012,0.4
Portugal,2011,0.2
Portugal,2010,0.1
Portugal,2009,0.1
Portugal,2008,0.1
Portugal,2007,0.1
Portugal,2006,0
Portugal,2005,0.3
Portugal,2004,0.3
Portugal,2003,0.5
Romania,2020,0.7
Romania,2019,0.8
Romania,2018,0.9
Romania,2017,1.3
Romania,2016,1.1
Romania,2015,1.7
Romania,2014,2.5
Romania,2013,2.3
Romania,2012,2.2
Romania,2011,2
Romania,2010,1.5
Romania,2009,0.8
Romania,2008,1.4
Romania,2007,1.7
Romania,2006,2.6
Russia,2020,0
Russia,2019,0
Russia,2018,0
Russia,2017,0
Russia,2016,0
Russia,2015,0
Russia,2014,0
Russia,2013,0
Russia,2012,0
Russia,2011,0
Russia,2010,0
Russia,2009,0
Russia,2008,0
Russia,2007,0
Russia,2006,0.1
Russia,2005,0.2
Russia,2004,0.2
Russia,2003,0.2
Russia,2002,0.2
Russia,2001,0.4
Russia,2000,0.7
Russia,1999,1.1
Russia,1998,0.5
Russia,1997,0.4
Rwanda,2016,18.3
Rwanda,2013,18.7
Rwanda,2010,22.8
Rwanda,2005,29.3
Rwanda,2000,36
SÃ£o TomÃ© and Principe,2017,3.9
SÃ£o TomÃ© and Principe,2010,5.1
SÃ£o TomÃ© and Principe,2000,4.7
Samoa,2013,0.2
Samoa,2008,0.1
Samoa,2002,0.4
Senegal,2018,1.8
Senegal,2011,14.3
Senegal,2005,13.9
Senegal,2001,18.2
Senegal,1994,23.1
Senegal,1991,37.9
Serbia,2020,0.8
Serbia,2019,1.2
Serbia,2018,1.5
Serbia,2017,3.3
Serbia,2016,4.2
Serbia,2015,4
Serbia,2014,4.3
Serbia,2013,3.2
Serbia,2012,2.9
Seychelles,2018,0.1
Seychelles,2013,0.5
Sierra Leone,2018,6
Sierra Leone,2011,10.6
Sierra Leone,2003,23.9
Sierra Leone,1989,48
Slovak Republic,2019,0
Slovak Republic,2018,0.1
Slovak Republic,2017,0.1
Slovak Republic,2016,1.2
Slovak Republic,2015,0.3
Slovak Republic,2014,0.5
Slovak Republic,2013,0.2
Slovak Republic,2012,0.2
Slovak Republic,2011,0.2
Slovak Republic,2010,0.3
Slovak Republic,2009,0.2
Slovak Republic,2008,0.2
Slovak Republic,2007,0.2
Slovak Republic,2006,0.1
Slovak Republic,2005,0.1
Slovak Republic,2004,0
Slovenia,2020,0
Slovenia,2019,0
Slovenia,2018,0
Slovenia,2017,0
Slovenia,2016,0
Slovenia,2015,0
Slovenia,2014,0
Slovenia,2013,0
Slovenia,2012,0
Slovenia,2011,0
Slovenia,2010,0
Slovenia,2009,0
Slovenia,2008,0
Slovenia,2007,0
Slovenia,2006,0
Slovenia,2005,0.1
Slovenia,2004,0
Solomon Islands,2012,7.3
Solomon Islands,2005,20.1
South Africa,2014,6.9
South Africa,2010,5.5
South Africa,2008,5.4
South Africa,2005,9.3
South Africa,2000,14.3
South Africa,1993,12
South Asia,2021,2
South Asia,2020,2.5
South Asia,2019,2
South Asia,2018,2
South Asia,2017,2.4
South Asia,2016,3.1
South Asia,2015,3.3
South Asia,2014,3.5
South Asia,2013,3.7
South Asia,2012,3.9
South Asia,2011,4.4
South Asia,2010,5.6
South Asia,2009,6.5
South Asia,2008,6.8
South Asia,2007,7.2
South Asia,2006,7.8
South Asia,2005,8.2
South Asia,2004,8.9
South Asia,2003,9.4
South Asia,2002,9.8
South Asia,1996,10.8
South Asia,1995,11.3
South Asia,1994,11.9
South Asia,1993,12.4
South Asia,1992,12.9
South Asia,1991,13.9
South Asia,1990,14.3
South Asia,1989,14.5
South Asia,1988,14.7
South Asia,1987,15.4
South Asia,1986,15.8
South Asia,1985,16.4
South Asia,1984,17.1
South Asia,1983,18.1
South Asia,1982,19
South Asia,1981,19.3
South Sudan,2016,32
South Sudan,2009,14.6
Spain,2020,0.5
Spain,2019,0.6
Spain,2018,0.6
Spain,2017,0.5
Spain,2016,0.7
Spain,2015,0.6
Spain,2014,0.5
Spain,2013,0.7
Spain,2012,0.6
Spain,2011,0.9
Spain,2010,0.5
Spain,2009,0.6
Spain,2008,0.4
Spain,2007,0.3
Spain,2006,0.6
Spain,2005,0.6
Spain,2004,0.6
Spain,2003,0.6
Spain,2000,0.5
Spain,1999,0.4
Spain,1998,0.6
Spain,1997,0.6
Spain,1996,0.9
Spain,1995,0.7
Spain,1994,0.7
Spain,1993,0.8
Spain,1990,0.3
Spain,1985,0
Spain,1980,0.2
Sri Lanka,2019,0.1
Sri Lanka,2016,0.2
Sri Lanka,2012,0.4
Sri Lanka,2009,0.6
Sri Lanka,2006,0.9
Sri Lanka,2002,2
Sri Lanka,1995,2.2
Sri Lanka,1990,2.1
Sri Lanka,1985,3.5
St. Lucia,2016,2.8
St. Lucia,1995,14.3
Sub-Saharan Africa,2019,12.7
Sub-Saharan Africa,2018,12.8
Sub-Saharan Africa,2017,13.1
Sub-Saharan Africa,2016,13.4
Sub-Saharan Africa,2015,13.5
Sub-Saharan Africa,2014,13.5
Sub-Saharan Africa,2013,14
Sub-Saharan Africa,2012,14.5
Sub-Saharan Africa,2011,15.2
Sub-Saharan Africa,2010,15.8
Sub-Saharan Africa,2009,17
Sub-Saharan Africa,2008,17.2
Sub-Saharan Africa,2007,18.3
Sub-Saharan Africa,2006,19.2
Sub-Saharan Africa,2005,20.2
Sub-Saharan Africa,2004,21.3
Sub-Saharan Africa,2003,22.9
Sub-Saharan Africa,2002,24
Sub-Saharan Africa,2001,24.9
Sub-Saharan Africa,2000,25.6
Sub-Saharan Africa,1999,25.6
Sub-Saharan Africa,1998,25.9
Sub-Saharan Africa,1997,26.1
Sub-Saharan Africa,1996,26.4
Sub-Saharan Africa,1995,27.1
Sub-Saharan Africa,1994,27.6
Sub-Saharan Africa,1993,27
Sub-Saharan Africa,1992,26.1
Sub-Saharan Africa,1991,25.2
Sub-Saharan Africa,1990,23.9
Sudan,2014,3.6
Sudan,2009,5.2
Suriname,1999,13.9
Sweden,2020,0.3
Sweden,2019,0.2
Sweden,2018,0.6
Sweden,2017,0.1
Sweden,2016,0.2
Sweden,2015,0.3
Sweden,2014,0.3
Sweden,2013,0.5
Sweden,2012,0.4
Sweden,2011,0.4
Sweden,2010,0.4
Sweden,2009,0.3
Sweden,2008,0.5
Sweden,2007,0.3
Sweden,2006,0.3
Sweden,2005,0.8
Sweden,2004,0.3
Sweden,2003,0.2
Sweden,2002,0
Sweden,2000,0
Sweden,1995,0.1
Sweden,1992,0
Sweden,1987,0.1
Sweden,1981,0.2
Sweden,1975,0.3
Switzerland,2018,0
Switzerland,2017,0
Switzerland,2016,0
Switzerland,2015,0
Switzerland,2014,0
Switzerland,2013,0
Switzerland,2012,0
Switzerland,2011,0
Switzerland,2010,0
Switzerland,2009,0
Switzerland,2008,0
Switzerland,2007,0
Switzerland,2006,0
Switzerland,2002,0
Switzerland,2000,0
Switzerland,1992,0.5
Switzerland,1982,0.6
Syrian Arab Republic,2003,0.2
Syrian Arab Republic,1996,0.4
TÃ¼rkiye,2019,0
TÃ¼rkiye,2018,0
TÃ¼rkiye,2017,0
TÃ¼rkiye,2016,0
TÃ¼rkiye,2015,0.1
TÃ¼rkiye,2014,0
TÃ¼rkiye,2013,0.1
TÃ¼rkiye,2012,0
TÃ¼rkiye,2011,0
TÃ¼rkiye,2010,0.1
TÃ¼rkiye,2009,0.1
TÃ¼rkiye,2008,0.2
TÃ¼rkiye,2007,0.1
TÃ¼rkiye,2006,0.3
TÃ¼rkiye,2005,0.4
TÃ¼rkiye,2004,0.3
TÃ¼rkiye,2003,0.8
TÃ¼rkiye,2002,0.3
TÃ¼rkiye,1994,0.6
TÃ¼rkiye,1987,0.5
Tajikistan,2015,1.4
Tajikistan,2009,1.4
Tajikistan,2007,4.5
Tajikistan,2004,5
Tajikistan,2003,10.5
Tajikistan,1999,21.2
Tanzania,2018,13.6
Tanzania,2011,13.3
Tanzania,2007,21
Tanzania,2000,43.6
Tanzania,1991,28
Thailand,2021,0
Thailand,2020,0
Thailand,2019,0
Thailand,2018,0
Thailand,2017,0
Thailand,2016,0
Thailand,2015,0
Thailand,2014,0
Thailand,2013,0
Thailand,2012,0
Thailand,2011,0
Thailand,2010,0
Thailand,2009,0
Thailand,2008,0
Thailand,2007,0.1
Thailand,2006,0.2
Thailand,2004,0.2
Thailand,2002,0.3
Thailand,2000,0.6
Thailand,1999,0.6
Thailand,1998,0.4
Thailand,1996,0.5
Thailand,1994,0.8
Thailand,1992,1.7
Thailand,1990,2.5
Thailand,1988,3.7
Thailand,1981,5.8
The Gambia,2020,4.5
The Gambia,2015,3
The Gambia,2010,9.1
The Gambia,2003,20.3
The Gambia,1998,39.1
Timor-Leste,2014,5.1
Timor-Leste,2007,10.1
Timor-Leste,2001,12.3
Togo,2018,8.5
Togo,2015,23.5
Togo,2011,26.7
Togo,2006,24.9
Tonga,2015,0.4
Tonga,2009,0.3
Tonga,2000,0.7
Trinidad and Tobago,1992,0.5
Trinidad and Tobago,1988,0
Tunisia,2015,0
Tunisia,2010,0.3
Tunisia,2005,0.5
Tunisia,2000,0.8
Tunisia,1995,2.1
Tunisia,1990,2.1
Tunisia,1985,3
Turkmenistan,1998,14.7
Tuvalu,2010,0.5
Uganda,2019,13.7
Uganda,2016,13.7
Uganda,2012,11.3
Uganda,2009,15.7
Uganda,2005,22.4
Uganda,2002,27.8
Uganda,1999,29.7
Uganda,1996,25.8
Uganda,1992,27.2
Uganda,1989,26.6
Ukraine,2020,0
Ukraine,2019,0
Ukraine,2018,0
Ukraine,2017,0
Ukraine,2016,0
Ukraine,2015,0
Ukraine,2014,0
Ukraine,2013,0
Ukraine,2012,0
Ukraine,2011,0
Ukraine,2010,0
Ukraine,2009,0
Ukraine,2008,0
Ukraine,2007,0
Ukraine,2006,0
Ukraine,2005,0.1
Ukraine,2004,0.1
Ukraine,2003,0.2
Ukraine,2002,0.5
Ukraine,1996,1.9
Ukraine,1995,1.9
Ukraine,1993,0.4
Ukraine,1992,0.9
United Arab Emirates,2018,0
United Arab Emirates,2013,0
United Kingdom,2020,0.3
United Kingdom,2019,0.2
United Kingdom,2018,0.3
United Kingdom,2017,0.2
United Kingdom,2016,0.2
United Kingdom,2015,0.2
United Kingdom,2014,0.2
United Kingdom,2013,0.2
United Kingdom,2012,0.2
United Kingdom,2011,0.2
United Kingdom,2010,0.2
United Kingdom,2009,0.2
United Kingdom,2008,0.2
United Kingdom,2007,0.2
United Kingdom,2006,0.2
United Kingdom,2005,0.2
United Kingdom,2004,0.2
United Kingdom,2003,0.2
United Kingdom,2002,0.2
United Kingdom,2001,0.2
United Kingdom,2000,0.2
United Kingdom,1999,0.2
United Kingdom,1998,0.1
United Kingdom,1997,0.1
United Kingdom,1996,0.1
United Kingdom,1995,0.2
United Kingdom,1994,0.2
United Kingdom,1993,0
United Kingdom,1992,0
United Kingdom,1991,0
United Kingdom,1990,0
United Kingdom,1989,0
United Kingdom,1988,0
United Kingdom,1987,0
United Kingdom,1986,0.1
United Kingdom,1985,0
United Kingdom,1984,0
United Kingdom,1983,0
United Kingdom,1982,0
United Kingdom,1981,0
United Kingdom,1980,0
United Kingdom,1979,0
United Kingdom,1978,0
United Kingdom,1977,0.1
United Kingdom,1976,0
United Kingdom,1975,0.1
United Kingdom,1974,0.1
United Kingdom,1973,0
United Kingdom,1972,0.1
United Kingdom,1971,0
United Kingdom,1970,0
United Kingdom,1969,0.1
United Kingdom,1968,0
United States,2021,0.2
United States,2020,0.2
United States,2019,0.8
United States,2018,0.9
United States,2017,1
United States,2016,0.9
United States,2015,0.9
United States,2014,1
United States,2013,0.8
United States,2012,0.8
United States,2011,0.8
United States,2010,0.9
United States,2009,0.7
United States,2008,0.9
United States,2007,0.8
United States,2006,0.8
United States,2005,0.8
United States,2004,0.8
United States,2003,0.8
United States,2002,0.6
United States,2001,0.7
United States,2000,0.6
United States,1999,0.5
United States,1998,0.6
United States,1997,0.5
United States,1996,0.5
United States,1995,0.4
United States,1994,0.4
United States,1993,0.4
United States,1992,0.4
United States,1991,0.3
United States,1990,0.3
United States,1989,0.3
United States,1988,0.3
United States,1987,0.3
United States,1986,0.4
United States,1985,0.4
United States,1984,0.4
United States,1983,0.4
United States,1982,0.5
United States,1981,0.4
United States,1980,0.3
United States,1979,0.4
United States,1978,0.4
United States,1977,0.4
United States,1976,0.4
United States,1975,0.4
United States,1974,0.5
United States,1973,0.6
United States,1972,0.6
United States,1971,0.6
United States,1970,0.7
United States,1969,0.4
United States,1968,0.6
United States,1967,0.6
United States,1966,0.7
United States,1965,0.8
United States,1964,1
United States,1963,0.9
Upper middle income,2020,0.3
Upper middle income,2019,0.5
Upper middle income,2018,0.5
Upper middle income,2017,0.6
Upper middle income,2016,0.6
Upper middle income,2015,0.7
Upper middle income,2014,0.7
Upper middle income,2013,0.8
Upper middle income,2012,1.7
Upper middle income,2011,2
Upper middle income,2010,2.7
Upper middle income,2009,3.3
Upper middle income,2008,3.8
Upper middle income,2007,4
Upper middle income,2006,4.5
Upper middle income,2005,4.7
Upper middle income,2004,6
Upper middle income,2003,7.2
Upper middle income,2002,8.2
Upper middle income,2001,9.4
Upper middle income,2000,10.1
Upper middle income,1999,11.2
Upper middle income,1998,12.3
Upper middle income,1997,11.7
Upper middle income,1996,11.6
Upper middle income,1995,12.7
Upper middle income,1994,14.3
Upper middle income,1993,16.3
Upper middle income,1992,17.2
Upper middle income,1991,18
Upper middle income,1990,18.6
Upper middle income,1989,19.7
Upper middle income,1988,15.5
Upper middle income,1987,17.7
Upper middle income,1986,19
Upper middle income,1985,20.5
Upper middle income,1984,22.5
Upper middle income,1983,25.9
Upper middle income,1982,28.2
Upper middle income,1981,30.1
Uruguay,2021,0
Uruguay,2020,0.1
Uruguay,2019,0
Uruguay,2018,0
Uruguay,2017,0
Uruguay,2016,0
Uruguay,2015,0
Uruguay,2014,0
Uruguay,2013,0
Uruguay,2012,0
Uruguay,2011,0
Uruguay,2010,0.1
Uruguay,2009,0.1
Uruguay,2008,0.1
Uruguay,2007,0.1
Uruguay,2006,0.1
Uzbekistan,2003,37.8
Uzbekistan,2002,34.5
Uzbekistan,2000,38.4
Uzbekistan,1998,27.7
Vanuatu,2019,2.3
Vanuatu,2010,3.6
Venezuela,2006,3.9
Venezuela,2005,8.6
Venezuela,2004,8.4
Venezuela,2003,9.6
Venezuela,2002,7.9
Venezuela,2001,4.6
Venezuela,1999,5.3
Venezuela,1998,5.2
Venezuela,1995,4.1
Venezuela,1992,2.5
Venezuela,1989,3.2
Venezuela,1987,1.2
Venezuela,1981,1.2
Viet Nam,2020,0.1
Viet Nam,2018,0.2
Viet Nam,2016,0.2
Viet Nam,2014,0.3
Viet Nam,2012,0.3
Viet Nam,2010,0.6
Viet Nam,2008,2.5
Viet Nam,2006,3.5
Viet Nam,2004,4.9
Viet Nam,2002,7.3
Viet Nam,1997,5.5
Viet Nam,1992,12.9
West Bank and Gaza,2016,0.1
West Bank and Gaza,2011,0.1
West Bank and Gaza,2010,0
West Bank and Gaza,2009,0
West Bank and Gaza,2007,0.2
West Bank and Gaza,2006,0
West Bank and Gaza,2005,0
West Bank and Gaza,2004,0.1
World,2019,2.8
World,2018,2.8
World,2017,2.9
World,2016,3.1
World,2015,3.1
World,2014,3.1
World,2013,3.3
World,2012,3.7
World,2011,4
World,2010,4.7
World,2009,5.2
World,2008,5.5
World,2007,5.8
World,2006,6.3
World,2005,6.6
World,2004,7.4
World,2003,8.2
World,2002,8.8
World,2001,9.4
World,2000,9.8
World,1999,10.3
World,1998,10.8
World,1997,10.6
World,1996,10.6
World,1995,11.3
World,1994,12.1
World,1993,12.9
World,1992,13.3
World,1991,13.8
World,1990,14
World,1989,14.4
World,1988,12.7
World,1987,13.7
World,1986,14.2
World,1985,14.9
World,1984,15.9
World,1983,17.4
World,1982,18.4
World,1981,19.2
Yemen,2014,4.8
Yemen,2005,2
Yemen,1998,1.7
Zambia,2015,31.9
Zambia,2010,31.4
Zambia,2006,33.6
Zambia,2004,30.7
Zambia,2002,21.3
Zambia,1998,19.8
Zambia,1996,18.9
Zambia,1993,30.9
Zambia,1991,37
Zimbabwe,2019,13.5
Zimbabwe,2017,9.4
Zimbabwe,2011,5.2
